vid,org_vid,duration
casme_15_0101,15_0101disgustingteeth,2052
casme_15_0102,15_0102eatingworms,1075
casme_15_0401,15_0401girlcrashing,3711
casme_15_0402,15_0402beatingpregnantwoman,4370
casme_15_0502,15_0502funnyerrors,2273
casme_15_0503,15_0503unnyfarting,2811
casme_15_0505,15_0505funnyinnovations,2304
casme_15_0508,15_0508funnydunkey,659
casme_16_0101,16_0101disgustingteeth,2051
casme_16_0102,16_0102eatingworms,1075
casme_16_0401,16_0401girlcrashing,3711
casme_16_0402,16_0402beatingpregnantwoman,4370
casme_16_0502,16_0502funnyerrors,2274
casme_16_0505,16_0505funnyinnovations,2303
casme_16_0507,16_0507climbingthewall,3264
casme_19_0102,19_0102eatingworms,1070
casme_19_0402,19_0402beatingpregnantwoman,4371
casme_19_0505,19_0505funnyinnovations,2304
casme_19_0507,19_0507climbingthewall,3265
casme_20_0502,20_0502funnyerrors,2274
casme_21_0101,21_0101disgustingteeth,2053
casme_21_0401,21_0401girlcrashing,3716
casme_22_0101,22_0101disgustingteeth,2052
casme_22_0102,22_0102eatingworms,1072
casme_22_0402,22_0402beatingpregnantwoman,4370
casme_22_0503,22_0503unnyfarting,2811
casme_22_0508,22_0508funnydunkey,659
casme_23_0102,23_0102eatingworms,1072
casme_23_0402,23_0402beatingpregnantwoman,4374
casme_23_0502,23_0502funnyerrors,2273
casme_23_0503,23_0503unnyfarting,2814
casme_23_0507,23_0507climbingthewall,3265
casme_24_0101,24_0101disgustingteeth,2052
casme_24_0401,24_0401girlcrashing,3717
casme_24_0402,24_0402beatingpregnantwoman,4371
casme_24_0502,24_0502funnyerrors,2273
casme_24_0507,24_0507climbingthewall,3265
casme_25_0101,25_0101disgustingteeth,2054
casme_25_0102,25_0102eatingworms,1075
casme_25_0502,25_0502funnyerrors,2274
casme_25_0508,25_0508funnydunkey,660
casme_26_0101,26_0101disgustingteeth,2052
casme_26_0102,26_0102eatingworms,1070
casme_26_0401,26_0401girlcrashing,3714
casme_26_0503,26_0503unnyfarting,2811
casme_27_0101,27_0101disgustingteeth,2052
casme_27_0102,27_0102eatingworms,1076
casme_27_0401,27_0401girlcrashing,3712
casme_27_0402,27_0402beatingpregnantwoman,4371
casme_27_0502,27_0502funnyerrors,2273
casme_27_0503,27_0503unnyfarting,2810
casme_27_0505,27_0505funnyinnovations,2304
casme_27_0507,27_0507climbingthewall,3265
casme_27_0508,27_0508funnydunkey,660
casme_29_0502,29_0502funnyerrors,2275
casme_30_0101,30_0101disgustingteeth,2051
casme_30_0102,30_0102eatingworms,1069
casme_30_0401,30_0401girlcrashing,3716
casme_30_0502,30_0502funnyerrors,2274
casme_30_0503,30_0503unnyfarting,2810
casme_30_0505,30_0505funnyinnovations,2303
casme_30_0507,30_0507climbingthewall,3264
casme_31_0101,31_0101disgustingteeth,2051
casme_31_0401,31_0401girlcrashing,3712
casme_31_0402,31_0402beatingpregnantwoman,4371
casme_31_0502,31_0502funnyerrors,2273
casme_31_0503,31_0503unnyfarting,2810
casme_31_0505,31_0505funnyinnovations,2303
casme_31_0507,31_0507climbingthewall,3265
casme_32_0101,32_0101disgustingteeth,2053
casme_32_0102,32_0102eatingworms,1071
casme_32_0401,32_0401girlcrashing,3717
casme_32_0402,32_0402beatingpregnantwoman,4374
casme_32_0502,32_0502funnyerrors,2274
casme_32_0503,32_0503unnyfarting,2811
casme_32_0505,32_0505funnyinnovations,2304
casme_32_0507,32_0507climbingthewall,3265
casme_32_0508,32_0508funnydunkey,660
casme_33_0102,33_0102eatingworms,1072
casme_33_0402,33_0402beatingpregnantwoman,4374
casme_34_0401,34_0401girlcrashing,3715
casme_34_0402,34_0402beatingpregnantwoman,4371
casme_34_0503,34_0503unnyfarting,2811
casme_35_0102,35_0102eatingworms,1081
casme_36_0401,36_0401girlcrashing,3720
casme_36_0505,36_0505funnyinnovations,2306
casme_37_0101,37_0101disgustingteeth,2052
casme_37_0402,37_0402beatingpregnantwoman,4371
casme_37_0502,37_0502funnyerrors,2270
casme_37_0505,37_0505funnyinnovations,2306
casme_37_0507,37_0507climbingthewall,3264
casme_37_0508,37_0508funnydunkey,660
casme_38_0502,38_0502funnyerrors,2277
casme_38_0507,38_0507climbingthewall,3264
casme_40_0401,40_0401girlcrashing,3714
casme_40_0502,40_0502funnyerrors,2275
casme_40_0503,40_0503unnyfarting,2814
